k,sim_true,sim_false
2,0.9980231115314758,0.6032211459513828
5,0.9876338160593956,0.03560511219688133
10,0.9803965498428748,0.0026222855396426043
20,0.9647721597710703,3.918495297805642e-05
40,0.9334522819982718,0.0
60,0.9021324042254735,0.0
120,0.8091880864905127,0.0
